<?xml version="1.0" encoding="UTF-8"?>
<metadata xml:lang="en"><Esri><CreaDate>20160207</CreaDate><CreaTime>15584600</CreaTime><ArcGISFormat>1.0</ArcGISFormat><SyncOnce>TRUE</SyncOnce><DataProperties><itemProps><itemLocation><linkage Sync="TRUE">file://\\THOMPSONFS1\D$\MeghanB\Spatial_Data\World_Data\continent.sdc</linkage><protocol Sync="TRUE">Local Area Network</protocol></itemLocation></itemProps><copyHistory><copy source="D:\Fan\SpatialData\background\continent.sdc" dest="\\THOMPSONFS1\D$\MeghanB\Spatial_Data\World_Data\continent.sdc" date="20141123" time="22384400"></copy></copyHistory></DataProperties></Esri></metadata>
